<keymap version="1" name="EmacsJ (Custom)" parent="EmacsJ">
  <action id="$Redo">
    <keyboard-shortcut first-keystroke="shift ctrl z" />
    <keyboard-shortcut first-keystroke="shift alt minus" />
    <keyboard-shortcut first-keystroke="ctrl back_slash" />
  </action>
  <action id="Android.Designer.AddAction" />
  <action id="Android.Designer.ToggleDeviceOrientation" />
  <action id="CommentByLineComment">
    <keyboard-shortcut first-keystroke="ctrl semicolon" />
  </action>
  <action id="Diff.FocusOppositePane" />
  <action id="Editor Redo">
    <keyboard-shortcut first-keystroke="ctrl back_slash" />
  </action>
  <action id="ExportToTextFile" />
  <action id="FileChooser.GoToRoot" />
  <action id="Flutter.Toolbar.ReloadAction" />
  <action id="FocusEditor">
    <keyboard-shortcut first-keystroke="ctrl g" />
  </action>
  <action id="LeaderAction">
    <keyboard-shortcut first-keystroke="semicolon" />
  </action>
  <action id="NextSplitter">
    <keyboard-shortcut first-keystroke="ctrl x" second-keystroke="o" />
    <keyboard-shortcut first-keystroke="alt o" />
  </action>
  <action id="NextTab">
    <keyboard-shortcut first-keystroke="ctrl tab" />
  </action>
  <action id="PreviousTab">
    <keyboard-shortcut first-keystroke="shift ctrl tab" />
  </action>
  <action id="ReloadAtamanConfigAction">
    <keyboard-shortcut first-keystroke="a" />
  </action>
  <action id="Terminal.NextSplitter">
    <keyboard-shortcut first-keystroke="ctrl x" second-keystroke="o" />
    <keyboard-shortcut first-keystroke="alt o" />
  </action>
  <action id="UpdateRunningApplication" />
  <action id="android.deploy.ApplyChanges">
    <keyboard-shortcut first-keystroke="ctrl f10" />
  </action>
  <action id="android.deploy.CodeSwap">
    <keyboard-shortcut first-keystroke="ctrl alt f10" />
  </action>
  <action id="sml.studiobot.custom.transform" />
</keymap>